{
  "last_run": "2026-03-28 09:19:11",
  "run_number": 5,
  "project_metrics_by_k": {
    "3": {
      "precision": 0.7129629629629628,
      "recall": 0.2138888888888889,
      "ndcg": 0.75,
      "mrr": 0.9189814814814814
    },
    "5": {
      "precision": 0.6611111111111111,
      "recall": 0.33055555555555555,
      "ndcg": 0.7050263681350223,
      "mrr": 0.9189814814814814
    },
    "7": {
      "precision": 0.5753968253968252,
      "recall": 0.4027777777777779,
      "ndcg": 0.6393172742655553,
      "mrr": 0.9189814814814814
    },
    "10": {
      "precision": 0.5138888888888888,
      "recall": 0.5138888888888888,
      "ndcg": 0.5855933428200579,
      "mrr": 0.9189814814814814
    }
  },
  "interest_metrics_by_k": {
    "1": {
      "precision": 0.7222222222222222,
      "recall": 0.24074074074074073,
      "ndcg": 0.7222222222222222,
      "mrr": 0.7962962962962963
    },
    "3": {
      "precision": 0.4907407407407406,
      "recall": 0.4907407407407406,
      "ndcg": 0.5370906333696447,
      "mrr": 0.7962962962962963
    }
  },
  "application_metrics_by_k": {
    "1": {
      "precision": 0.5833333333333334,
      "recall": 0.19444444444444442,
      "ndcg": 0.5833333333333334,
      "mrr": 0.7592592592592592
    },
    "3": {
      "precision": 0.5555555555555557,
      "recall": 0.5555555555555557,
      "ndcg": 0.5689002654119255,
      "mrr": 0.7592592592592592
    }
  },
  "rdia_metrics": {
    "hit_rate": 1.0,
    "rank": 2.25,
    "mrr": 0.5648148148148148
  },
  "catalog_coverage": 1.0,
  "unique_recommended": 43,
  "intersection_with_projects": 43,
  "total_projects_in_folder": 43
}